custofrete,distancia,peso,modal,id_evento
249.82,318.4427468159985,269.0886268985469,Marítimo,1
480.29,835.7563736986193,254.50901108127982,Rodoviário,2
392.8,1315.7714620207921,907.1920347158264,Rodoviário,3
339.46,1111.7260852938637,257.05073785101104,Marítimo,4
162.41,1219.513664399102,279.2302288673447,Aéreo,5
162.4,1005.2358817305402,761.8042797937841,Marítimo,6
123.23,1053.801018550886,455.2424440260346,Marítimo,7
446.47,1281.333694769713,778.9434513856294,Aéreo,8
340.45,412.01861284581963,74.7124959887414,Marítimo,9
383.23,759.6661972825536,492.69548173665044,Marítimo,10
108.23,370.7536906384232,43.27746418144981,Marítimo,11
487.96,1482.1186115951382,72.02667142080098,Aéreo,12
432.98,1418.8860425455891,907.3730788109668,Rodoviário,13
184.94,107.16887648433355,147.8529174064192,Rodoviário,14
172.73,1073.0840001477482,537.0964754524649,Aéreo,15
173.36,1391.6100602527154,416.98464657469947,Rodoviário,16
221.7,311.83425043463365,353.86989299625424,Marítimo,17
309.9,873.5205843013127,900.8350122303998,Rodoviário,18
272.78,1377.4580315026606,31.605162807734605,Marítimo,19
216.49,99.22166894940833,667.1517893138332,Rodoviário,20
344.74,1061.2593875079178,963.760489871415,Aéreo,21
155.8,481.1560606901986,564.5665016272235,Rodoviário,22
216.86,1390.3744832959692,937.4542374127609,Rodoviário,23
246.54,1458.0344554897833,61.73530049316353,Rodoviário,24
282.43,1419.1864092144792,424.6053858834198,Aéreo,25
414.07,737.6106141533224,267.5562130524306,Rodoviário,26
179.87,1299.9618439345045,733.5127553309225,Aéreo,27
305.69,1274.5966278758522,981.4841195922742,Marítimo,28
336.97,512.6956862027207,263.9647618198053,Rodoviário,29
118.58,1251.927437518482,657.6328554593338,Aéreo,30
343.02,103.66107033746431,206.11665643214272,Aéreo,31
168.21,914.5913237989769,569.6769520258938,Rodoviário,32
126.02,383.5128140671694,469.2931618214528,Marítimo,33
479.55,224.82198437705426,972.2852763352217,Aéreo,34
486.25,161.5821423623533,612.4419999695019,Rodoviário,35
423.36,1059.6187250233027,356.0113083659506,Marítimo,36
221.85,542.8186974636959,122.95482703905404,Aéreo,37
139.07,1100.9118187167041,159.7343604475852,Aéreo,38
373.69,144.76669415846644,233.06376065172273,Marítimo,39
276.06,507.17098985438497,258.456994726895,Marítimo,40
148.82,832.262373944239,852.1098972627265,Rodoviário,41
298.07,1196.548589016497,565.6105603996997,Rodoviário,42
113.76,512.1911292515014,528.1570022606228,Aéreo,43
463.73,957.5424958336632,123.6211831505253,Marítimo,44
203.51,1334.6677349424713,861.5382964159406,Marítimo,45
365.01,943.0016228643416,725.5861601763988,Marítimo,46
224.68,387.79123839276895,76.99167828100157,Aéreo,47
308.03,85.38113325698012,710.756746257471,Marítimo,48
318.68,1311.6433671563484,548.1028351692196,Marítimo,49
173.94,80.84064573306135,90.90809228931047,Aéreo,50
487.83,1318.317425392089,463.7176351133699,Rodoviário,51
410.05,816.9588443394574,489.8493242587465,Rodoviário,52
475.8,1411.6481628436995,174.116794761643,Aéreo,53
457.93,1208.2356918718149,946.2411655302795,Marítimo,54
339.16,1497.0044602733394,851.4756177658553,Aéreo,55
468.75,558.5321324049797,672.3321139558172,Rodoviário,56
135.4,1162.423018950134,467.6726053906011,Rodoviário,57
178.39,632.7998247334011,417.64788616866343,Aéreo,58
118.09,745.8196494406678,654.4637324794446,Aéreo,59
230.13,959.8829216666367,549.9775507128364,Rodoviário,60
255.47,1316.831815570191,71.65037482306676,Aéreo,61
208.54,1476.921030338978,517.3776222826284,Rodoviário,62
431.5,1163.9964501035513,808.3395810605111,Aéreo,63
242.7,655.7618341426339,464.64747882098845,Aéreo,64
212.37,660.9676533017517,61.437011778725726,Aéreo,65
317.08,1119.4943373038927,788.4154173901927,Rodoviário,66
156.37,396.22686136403837,209.35014431461465,Aéreo,67
420.88,210.18746404052226,266.0346265391584,Rodoviário,68
129.82,564.202128579126,173.05928989797295,Rodoviário,69
494.75,466.4965378984185,336.91291422278255,Aéreo,70
408.9,479.64677466118565,759.1839906317487,Aéreo,71
179.49,388.73123902236944,524.192000908898,Rodoviário,72
102.21,111.03512497272473,212.83246140920542,Rodoviário,73
426.18,75.91720536345002,879.0517773705204,Marítimo,74
382.74,1482.1974651172457,880.7860364020139,Rodoviário,75
391.6,670.2710439170004,871.8726407955469,Marítimo,76
408.51,607.2736383815385,246.40824926772387,Marítimo,77
129.62,1035.4885599049512,456.7269507391782,Marítimo,78
243.39,366.46813740434305,985.1397595794664,Aéreo,79
146.35,1427.4437167278268,774.2923515468905,Aéreo,80
445.24,1190.2002709025505,36.89574701330422,Rodoviário,81
349.32,179.6459533527763,74.55254534788713,Marítimo,82
232.36,655.4921248881461,469.29206304420944,Aéreo,83
125.42,1324.7215459651388,910.1280038029446,Aéreo,84
224.39,1419.861432322545,543.3147799731871,Aéreo,85
230.07,727.7321913123111,502.83438295394734,Aéreo,86
391.84,939.4465143555261,114.41896295706428,Aéreo,87
355.02,292.1992218335091,660.2123036770511,Marítimo,88
454.89,1487.194507898616,823.8821289942232,Marítimo,89
288.89,385.92396700599295,386.6158074324867,Marítimo,90
147.84,1416.9610724959323,777.8557324160741,Marítimo,91
385.3,991.9876410389343,964.8318873618035,Rodoviário,92
404.31,931.2183525743458,211.7287945364122,Marítimo,93
324.51,793.3983409739375,528.0963348827938,Aéreo,94
408.39,384.4712269907501,294.26657850372976,Marítimo,95
297.52,305.965646407987,794.925874843501,Rodoviário,96
309.09,369.7050031517543,581.8174322223459,Aéreo,97
271.02,320.33548010916905,638.2365933748007,Marítimo,98
110.17,1180.3974866717922,799.9350180197351,Marítimo,99
143.16,557.6816257917586,402.01076793583036,Marítimo,100
112.57,133.87188101692473,915.9391677229728,Aéreo,101
354.56,1455.1988137041765,537.6985785736786,Aéreo,102
225.74,1331.4895331969672,166.37527460699454,Rodoviário,103
303.43,1395.2408106330588,698.9401269871145,Aéreo,104
463.03,1492.616342837331,795.3287369338718,Aéreo,105
199.72,302.14811136825654,323.5940602968514,Marítimo,106
264.15,624.5509274088552,858.6074644287654,Aéreo,107
402.22,1149.4457897709324,907.0818222181088,Marítimo,108
191.52,1059.2298961779989,284.13544250403083,Marítimo,109
130.79,273.14906419278987,983.6862579880699,Aéreo,110
215.9,1232.9580312363958,149.30441276827082,Rodoviário,111
164.49,375.43882916315795,209.99551171846508,Rodoviário,112
471.88,374.5355414928035,192.38259084564586,Aéreo,113
423.25,828.6129131954497,895.0498129077918,Rodoviário,114
353.36,909.7629055204695,657.7496268017122,Marítimo,115
448.58,891.1250013648262,160.58324039005015,Marítimo,116
421.47,182.65591422674456,445.9201841846655,Aéreo,117
174.63,1322.3182508140515,619.145044819104,Rodoviário,118
457.02,435.1200617536238,92.62944413948946,Rodoviário,119
315.74,237.79663586006606,883.5922047232654,Marítimo,120
422.98,1338.684715810017,805.5675000871198,Aéreo,121
458.44,1435.6946724331424,510.1547058408718,Rodoviário,122
227.2,1300.0850450349035,967.4553491065788,Aéreo,123
144.02,1223.7983083510733,423.5833694823487,Rodoviário,124
191.17,1000.1008719265815,984.2692158461329,Marítimo,125
270.84,848.743187383252,671.2407988155908,Marítimo,126
427.21,176.1308018715447,638.3245605214021,Aéreo,127
444.29,642.2571589525131,174.29534634282714,Marítimo,128
102.78,590.3983496678553,883.1084807215975,Rodoviário,129
304.3,426.642986452473,433.214791041409,Marítimo,130
266.96,1098.9591648484482,170.61107172465455,Aéreo,131
188.84,769.0198158642177,22.48144477600145,Aéreo,132
147.95,167.5170130660895,564.1581268019987,Aéreo,133
235.05,369.26564282722643,532.1256259014496,Rodoviário,134
477.16,1040.7252073064142,722.160086145467,Rodoviário,135
229.28,160.38974626093528,891.3554724876241,Rodoviário,136
307.52,1284.2500253707146,88.61251879659923,Rodoviário,137
381.21,767.9624641702628,734.1815254369587,Rodoviário,138
245.45,746.8505371236396,195.5378246566064,Marítimo,139
488.71,908.9912877563005,859.5952826255923,Rodoviário,140
484.98,1245.7874005914664,820.8728787230395,Rodoviário,141
200.71,554.3233514581799,545.385817435689,Marítimo,142
298.9,1033.1234212106422,713.1403706370784,Rodoviário,143
220.35,870.3113477938971,321.2066120519109,Aéreo,144
213.94,437.19099174566094,476.4562199434865,Rodoviário,145
114.75,1324.0134802149792,823.420528733367,Rodoviário,146
343.83,1206.2677313300458,464.67254520148174,Aéreo,147
301.07,1004.755160254717,364.22028267218735,Aéreo,148
120.59,1283.3435071866509,499.2703227777969,Aéreo,149
211.46,1307.5765913917135,829.9667599128462,Aéreo,150
463.31,1077.1263162368004,341.855966897164,Rodoviário,151
195.82,1263.6693261273244,182.02397720438637,Aéreo,152
157.96,1061.3336194204612,714.8938801274729,Aéreo,153
295.78,1036.2041190524355,827.718430581001,Marítimo,154
494.26,946.9864984120172,109.631103738298,Aéreo,155
196.82,1141.4391273585798,247.4753716283853,Aéreo,156
368.85,279.97740267495686,150.55226986338397,Marítimo,157
404.65,1327.2626008384461,354.46199746634494,Marítimo,158
195.06,1314.1731152305863,455.8474691163585,Rodoviário,159
391.29,92.40856040011076,751.3380735936734,Marítimo,160
247.11,1247.4342883189058,654.6361090328573,Rodoviário,161
352.92,236.86130783649554,624.7192818036468,Marítimo,162
353.41,535.9223386757558,358.85119714355784,Marítimo,163
314.31,1128.0869716228312,843.0330775539123,Rodoviário,164
136.12,283.1018492700469,476.57429572418295,Marítimo,165
434.12,1236.0521849726401,979.313888635003,Rodoviário,166
228.31,1256.5945580387258,637.8007169127794,Marítimo,167
174.61,785.8282139532125,135.0020941488577,Aéreo,168
116.31,59.25951398940869,679.4157864546796,Marítimo,169
336.36,466.20529310362355,331.852975277382,Rodoviário,170
371.03,944.5440316448262,689.4639247192365,Marítimo,171
106.64,1472.719958139764,78.94473668078169,Rodoviário,172
304.84,966.1296141741691,183.1326228041998,Rodoviário,173
190.6,426.7151925430317,857.1798863167285,Aéreo,174
358.07,969.3082694944364,234.90776145327973,Aéreo,175
169.75,832.9788005879905,838.6707139905106,Rodoviário,176
376.38,1180.7758229691583,286.48332756986633,Marítimo,177
254.69,205.1219262990897,646.4530909581206,Rodoviário,178
474.69,1153.4904586279406,697.2090677747327,Rodoviário,179
155.01,834.8365390803599,517.5282056136024,Marítimo,180
236.43,1446.3384055955423,312.257569929764,Marítimo,181
145.39,545.7146407560948,220.51793260738515,Marítimo,182
469.88,967.3017450442247,42.857461016801956,Marítimo,183
450.94,1401.4407529895254,310.90693722831656,Rodoviário,184
203.18,198.63910558648493,656.6311626259702,Rodoviário,185
363.99,1408.9813064928542,938.9217702639978,Aéreo,186
426.89,1047.4342973361795,872.4924374404216,Rodoviário,187
322.08,148.36373570249924,768.4041287699496,Marítimo,188
311.86,486.39717207288356,790.5628698207657,Aéreo,189
196.74,1076.8495285356582,668.3350544412353,Marítimo,190
137.24,147.65837212971894,267.683988990343,Rodoviário,191
458.89,894.1471672555963,908.1230803987715,Aéreo,192
460.17,551.5304325817873,674.0249887867757,Marítimo,193
353.24,950.3275007628419,564.8362246706356,Aéreo,194
235.61,116.32594902814363,119.87957452134626,Aéreo,195
239.68,1313.7283689209455,452.58498836836117,Rodoviário,196
390.38,1461.5590053072256,465.75468848990704,Marítimo,197
458.84,1454.8728901642526,865.9179734274433,Aéreo,198
454.83,1136.995156027241,551.1817379859106,Aéreo,199
411.95,238.62504818941636,386.5965434807056,Marítimo,200
356.81,1149.4816340970826,977.0323252255528,Aéreo,201
133.66,85.65102886526219,119.61338739305252,Aéreo,202
164.65,82.07914971704602,428.3229440288252,Aéreo,203
459.42,519.2348177668348,51.60442841969124,Marítimo,204
342.57,758.5326260867654,742.505079559261,Marítimo,205
103.68,1167.0907558213,918.8957866771591,Marítimo,206
140.59,1040.7782960794325,287.23695625498453,Marítimo,207
365.4,696.5589242462851,859.7582600311297,Rodoviário,208
102.02,446.7586661084155,299.2960481572788,Aéreo,209
164.32,1495.8305252286812,911.6624600274761,Marítimo,210
319.49,667.9628882421608,756.4222845608161,Aéreo,211
376.76,704.5111852780294,806.8577090730242,Aéreo,212
360.78,287.25454072792036,27.826490044449955,Rodoviário,213
189.71,1202.4738456873977,963.1822535032857,Marítimo,214
384.87,1055.8392273831587,729.40428214962,Marítimo,215
194.9,370.11593854370255,311.703584432272,Aéreo,216
230.16,169.45251614297192,831.1007182102585,Marítimo,217
398.6,1036.723988008334,288.7059864307806,Aéreo,218
359.85,999.0412607076461,874.0263011704667,Aéreo,219
439.69,446.2263141474035,121.45458650781764,Rodoviário,220
363.05,1428.752165263095,706.6491176861878,Rodoviário,221
327.32,269.0339430823053,545.2914918784612,Rodoviário,222
137.47,676.8854615117727,105.56912549348641,Aéreo,223
247.09,1418.2430842430183,249.47488997625058,Marítimo,224
206.08,658.6046095428774,22.279995914541644,Rodoviário,225
197.6,975.8626241129241,474.08028580986075,Marítimo,226
489.2,626.5118770460517,308.2526081524004,Rodoviário,227
257.24,447.61204340557157,602.3739094547813,Rodoviário,228
456.82,1476.767589541751,304.265429631531,Aéreo,229
352.46,643.5343091568124,306.91992039191484,Rodoviário,230
417.92,1346.443845334745,745.7612667442874,Rodoviário,231
301.05,383.43417854207496,57.66140761856992,Aéreo,232
330.76,359.00182083637077,903.8660452400674,Marítimo,233
297.01,95.14442018254147,853.7412356472696,Rodoviário,234
178.1,994.9168967950333,671.1266363941425,Aéreo,235
388.98,584.3631983994536,597.2893544063105,Rodoviário,236
212.31,1303.3194622674737,893.3794731582557,Aéreo,237
109.73,736.1543647027579,193.4768777334273,Marítimo,238
358.19,1453.8804704763465,88.17947056892032,Marítimo,239
170.84,319.01199776952564,247.11506821044273,Aéreo,240
476.18,1309.5035935356357,796.6324959131883,Aéreo,241
481.57,1176.0654365480254,44.32356405921849,Aéreo,242
465.95,1167.8366747338755,586.9787667326548,Marítimo,243
248.06,1274.9356807694871,995.4831410293968,Rodoviário,244
106.18,1153.4847868673485,857.139132899164,Marítimo,245
471.33,958.0194663655523,526.2312321531535,Aéreo,246
271.27,240.30507263946197,73.00450019377593,Aéreo,247
486.66,97.16296026231528,833.0597792418528,Marítimo,248
485.45,1385.229379332746,602.9887230954384,Aéreo,249
441.2,944.1429560550702,123.78366708897117,Marítimo,250
217.78,1204.9790719154557,102.91871197512263,Aéreo,251
254.04,748.2074096931976,910.5305512422265,Rodoviário,252
440.45,220.09687399547198,672.5082603086977,Rodoviário,253
226.77,231.51939869369815,830.993931323588,Aéreo,254
167.8,1044.0696664820084,880.1891112794447,Marítimo,255
322.72,673.943547604221,576.054628527839,Rodoviário,256
474.46,340.7608537154882,522.2718882374909,Marítimo,257
378.41,762.8120927750834,436.1231362177803,Aéreo,258
328.02,143.10295875894442,323.7771219132081,Marítimo,259
138.87,893.8585327758782,440.2500012501246,Rodoviário,260
346.0,440.04043643089165,776.1408591728548,Marítimo,261
496.02,1206.460695923923,605.9041967049802,Marítimo,262
156.03,500.02484043918196,893.5980570552977,Aéreo,263
307.33,710.0692161686118,448.94621423539587,Aéreo,264
450.95,66.84978286674593,611.0186829315664,Aéreo,265
396.31,155.04798730211036,634.9944775610688,Rodoviário,266
378.81,619.1156567896929,595.7801906832623,Rodoviário,267
380.99,745.9113103398291,705.6074353546612,Aéreo,268
243.8,920.0297947729904,245.0591336910582,Aéreo,269
217.44,472.9107391284897,517.2401397703327,Rodoviário,270
423.74,1057.7237348834867,113.1825547802642,Rodoviário,271
424.05,1297.1774759243467,390.6662143683644,Rodoviário,272
446.83,1180.7839338953572,492.7903979350518,Rodoviário,273
465.3,107.44729675511786,655.7020169500178,Aéreo,274
304.54,746.735073523852,951.0257420603415,Rodoviário,275
300.61,202.14875870635356,604.6445558828723,Aéreo,276
419.32,400.9652730006648,746.1579770147941,Marítimo,277
359.99,1480.6607602373624,511.2033989002507,Marítimo,278
380.79,256.6185372071942,637.762991062568,Rodoviário,279
418.32,773.3878225044663,80.2228939724357,Marítimo,280
456.0,946.3258147612727,261.8476650334285,Marítimo,281
235.2,1068.5742072889507,368.2345622730873,Marítimo,282
250.23,861.4905910560254,477.76842145644844,Rodoviário,283
137.59,64.1677287578163,55.1922580473599,Rodoviário,284
331.31,523.3688969537882,148.6238565777845,Marítimo,285
114.38,800.6818829078316,284.0461647133927,Aéreo,286
286.24,177.40642376000835,971.8173639920401,Marítimo,287
317.06,558.4090502533121,338.03353703202026,Rodoviário,288
214.62,98.14450774748153,487.2206475309617,Rodoviário,289
336.33,163.93882087478008,204.13673561100902,Rodoviário,290
112.2,625.5387504923143,614.6722703650106,Marítimo,291
114.94,242.43784336243752,287.87638336081454,Aéreo,292
429.04,872.9342299792593,214.9226526540425,Rodoviário,293
244.08,1049.7242052490353,521.4069021615193,Rodoviário,294
150.82,1210.8507137081701,15.450741168816613,Marítimo,295
308.9,340.21785415497465,17.587392322733074,Aéreo,296
408.0,292.8497442756511,226.8781210108392,Marítimo,297
186.33,201.62336848488036,46.35414887581293,Rodoviário,298
349.16,972.8238618382732,116.94549658938446,Aéreo,299
134.14,1074.3898034060066,345.47204284536406,Aéreo,300
120.67,95.79990999718095,804.5598227840147,Rodoviário,301
312.54,1407.5077570533501,576.3281569356078,Aéreo,302
316.25,125.35836129463499,517.5410486968523,Aéreo,303
354.97,834.8796861865521,300.5539349760404,Marítimo,304
390.44,1078.1377532038289,932.4361822384882,Rodoviário,305
490.34,1312.9052294318242,403.04489082481973,Rodoviário,306
306.52,1085.4260515920203,96.22183912781378,Rodoviário,307
229.18,1212.5057204511982,620.8958509566232,Rodoviário,308
418.07,542.2027791870688,122.7000095418354,Rodoviário,309
208.33,1231.4964149324428,351.7709113736752,Aéreo,310
275.59,166.16652725777897,512.3378193306307,Marítimo,311
131.38,1347.4841512877651,875.4802994383241,Rodoviário,312
110.14,844.0089454229176,498.6111145367175,Marítimo,313
485.06,1235.0817664456158,705.2361783713476,Marítimo,314
434.39,705.8615125515352,992.8886706090797,Aéreo,315
378.39,983.1876580349613,140.17422869900182,Rodoviário,316
263.58,813.2838583573641,281.9842102643243,Aéreo,317
169.32,1110.8048065452313,400.63031484166993,Rodoviário,318
162.57,168.3634739443549,427.6098967534431,Aéreo,319
200.1,137.5105217863175,416.9108645128903,Marítimo,320
319.69,408.29968931471234,908.5348925309894,Rodoviário,321
385.84,281.3397861641231,716.8923180221879,Marítimo,322
364.08,1314.0861715586925,611.8261619497968,Marítimo,323
211.97,367.86028166916424,316.2789906841543,Aéreo,324
481.95,1465.0046209377404,825.5524803790818,Rodoviário,325
395.16,538.498898068105,955.5099063701391,Marítimo,326
321.74,314.070977748614,822.9862997247243,Aéreo,327
344.69,1195.0628353565946,11.549454139558176,Rodoviário,328
267.84,1005.1262744762704,640.0373564815729,Rodoviário,329
199.09,772.3837888570515,60.624027627679716,Marítimo,330
242.39,855.2771488595653,265.0311481303846,Rodoviário,331
403.14,1092.8425784947826,68.92945334429396,Marítimo,332
105.76,381.25937493038316,607.7574984198939,Rodoviário,333
146.43,1494.6841782822758,689.7240143576807,Aéreo,334
118.4,1463.4500851128355,123.34276168524606,Marítimo,335
116.29,992.9722452030585,390.0004942145297,Marítimo,336
442.18,339.33655384726046,461.6741438659866,Rodoviário,337
381.46,1036.3309515253723,375.36249154330744,Rodoviário,338
289.67,154.68769301980495,129.8147504803411,Marítimo,339
139.13,94.44612819841879,424.75831228560065,Rodoviário,340
296.65,423.64018834125983,753.666267330334,Aéreo,341
289.39,720.8032872720087,80.29758788792292,Rodoviário,342
169.28,1308.9951328421519,89.37821394108441,Aéreo,343
273.54,1104.3951511611467,361.22357891762437,Aéreo,344
259.4,1126.9244557399725,942.3084545027358,Aéreo,345
346.34,666.9653349497092,671.8869202556849,Aéreo,346
354.04,551.6057391930963,681.8832571058391,Aéreo,347
118.12,588.0062063276739,368.3007909294863,Rodoviário,348
249.85,1482.0918674172838,597.724183296453,Aéreo,349
350.34,108.1583275480996,20.029872187465944,Rodoviário,350
301.25,1307.1956693775505,639.7350859454468,Aéreo,351
442.6,889.0793424299704,914.1540781004744,Marítimo,352
363.48,685.9923578249062,616.447733661371,Aéreo,353
165.17,1101.623607601948,874.9616075316816,Marítimo,354
128.23,755.6699650658192,726.7333249114329,Aéreo,355
356.97,1316.4636952184078,129.35283223965337,Aéreo,356
110.6,1356.0177028163248,903.4287742129833,Aéreo,357
334.31,661.4953439665104,75.77940591221713,Marítimo,358
476.09,451.4003059908248,538.6277978222861,Marítimo,359
330.19,908.9079764603753,150.7157525555231,Aéreo,360
255.27,1372.926851144202,21.589544623595025,Rodoviário,361
357.32,355.4601740582165,427.8139175263626,Aéreo,362
283.3,953.30154616705,302.0903005776147,Marítimo,363
318.25,965.7623191341548,491.140488859627,Aéreo,364
476.59,1113.0138825021575,581.4278878672053,Marítimo,365
254.44,240.7731434345267,53.301681585857885,Marítimo,366
484.48,1087.9461987890284,131.77326217250817,Marítimo,367
462.14,1368.0971549651795,563.0559724859211,Aéreo,368
178.32,310.54050786185087,349.73567964093166,Marítimo,369
127.74,394.4378211396226,731.8817526739535,Marítimo,370
140.31,1458.5228863603775,655.7687321060203,Aéreo,371
107.29,312.41658142876014,847.1483193600078,Marítimo,372
137.78,1288.8583853858897,695.567898402533,Aéreo,373
373.2,763.8028918496505,435.63176661624664,Marítimo,374
128.48,408.4850578846067,676.236956170488,Rodoviário,375
227.59,1312.5873568451416,282.62736251286435,Rodoviário,376
437.95,695.692619753865,313.2503637904305,Marítimo,377
109.31,796.4851631980508,791.0953083215854,Rodoviário,378
425.79,570.8883856296602,451.95532123756635,Aéreo,379
212.74,909.7787345806448,800.396537113169,Rodoviário,380
147.27,287.10961524828303,824.1981499315956,Marítimo,381
378.69,617.068228145053,858.9867142846709,Marítimo,382
351.58,1455.6478673861668,917.4688834827953,Aéreo,383
450.99,424.2934774166349,436.6753683081633,Marítimo,384
394.03,1002.2681635848737,325.67815013792745,Aéreo,385
421.39,521.5255931258075,586.3767591281727,Rodoviário,386
212.81,1171.536032245571,377.4606992032513,Rodoviário,387
170.98,239.76680804160725,605.0634251322306,Aéreo,388
400.25,1456.24051536389,708.5300040173863,Aéreo,389
422.73,707.994835006277,691.5209683072155,Marítimo,390
496.2,392.27317185237274,380.80735814992016,Rodoviário,391
265.05,156.57028362851835,175.1915996817653,Aéreo,392
248.81,296.14896237693404,436.22404507758546,Rodoviário,393
410.57,803.6722254062256,151.16820264108964,Aéreo,394
236.32,538.6546058253651,891.1960648319703,Rodoviário,395
472.3,1251.8808805297838,352.4186861304788,Marítimo,396
443.37,674.7869093096186,162.91514975109055,Rodoviário,397
271.6,410.6356952520634,35.19328230669337,Rodoviário,398
400.35,944.8602305758436,649.3641624236194,Rodoviário,399
401.82,1074.8269644838965,640.5332942801958,Rodoviário,400
141.25,292.2107664563773,347.19812491547873,Rodoviário,401
461.02,293.0478636180606,80.99476995917449,Marítimo,402
302.1,103.17356905363731,415.5326059462797,Aéreo,403
430.58,1117.7829218451786,318.10532011275967,Rodoviário,404
228.02,1012.5165650516174,680.3494333376592,Marítimo,405
458.21,738.2147698372302,609.7214569581635,Rodoviário,406
255.68,1274.0471510053358,370.9477909155646,Rodoviário,407
104.34,1218.2217217775772,225.7136287124402,Aéreo,408
462.15,898.7638283752906,988.155606494036,Rodoviário,409
136.51,1308.993356744225,459.4616049841537,Marítimo,410
227.73,348.469754553314,691.3914934224347,Marítimo,411
480.02,212.28344812670542,149.14743790257717,Aéreo,412
480.24,441.13693669963493,490.73380266280384,Rodoviário,413
329.38,132.77594132950654,37.26135267077083,Marítimo,414
352.73,820.1958156014964,510.40056673134546,Rodoviário,415
279.38,1408.0782538276942,964.3772330465254,Rodoviário,416
217.28,107.04813396933899,390.36464585594223,Rodoviário,417
231.47,227.05937531453887,48.60605244916247,Aéreo,418
369.01,705.6885910109811,40.6462330101501,Rodoviário,419
400.95,1404.118775415462,394.1068923474008,Marítimo,420
416.63,508.42635221628825,168.42468709856212,Rodoviário,421
415.85,785.490472598169,33.11857536490405,Marítimo,422
136.48,110.28064562306854,758.651477810675,Rodoviário,423
297.77,265.09764139502886,463.9377787930718,Marítimo,424
123.02,1480.613678290328,296.352324252928,Marítimo,425
319.81,1449.422109832266,901.0823511863159,Rodoviário,426
276.61,57.162972354893945,124.97757059852036,Rodoviário,427
455.08,1430.1270888636966,956.359640665766,Marítimo,428
240.37,976.7239098324756,320.8270502035793,Aéreo,429
146.83,1308.481527054032,889.5196355855944,Rodoviário,430
157.2,709.3727906690957,606.913447714667,Aéreo,431
404.6,797.6142414399128,828.4402861440726,Rodoviário,432
347.29,758.8275413725343,984.1730315783597,Rodoviário,433
140.45,1016.9531734418513,295.5213834405583,Rodoviário,434
133.64,252.4943193966537,961.524130553517,Rodoviário,435
380.39,93.46170531538303,395.58707595339615,Aéreo,436
129.11,496.4984153072268,391.6567856895531,Rodoviário,437
428.74,1071.7871059681377,346.9832332119606,Marítimo,438
382.5,342.68750557827514,545.9935312741094,Marítimo,439
132.54,1026.47702832113,162.60359274670222,Aéreo,440
133.94,1456.3724668555421,558.1743705044311,Rodoviário,441
494.66,186.15603789465666,546.287764285904,Marítimo,442
249.71,1025.273071426433,764.2827944788213,Aéreo,443
248.26,693.4378179916282,835.3134623182098,Rodoviário,444
425.12,1308.8062688473829,446.0369368092998,Marítimo,445
478.9,306.86719469870957,309.3099168579788,Marítimo,446
494.4,1054.3076307279384,266.7415483439235,Aéreo,447
401.35,1265.2671699897599,202.6775983378232,Rodoviário,448
250.5,1419.6906182373336,67.07110637703462,Rodoviário,449
133.4,1040.7096410199865,349.0234990463662,Marítimo,450
410.86,770.9034078122196,277.54521520947543,Marítimo,451
323.36,945.87849829176,966.7532120077433,Marítimo,452
269.69,1309.9122274941415,562.1317379875435,Rodoviário,453
462.54,877.3841326263031,353.80426864020245,Aéreo,454
144.48,94.06123656041345,584.662924983759,Aéreo,455
297.05,1399.8756084851177,147.80473433223855,Rodoviário,456
104.54,1049.8137889957636,449.6033117101809,Aéreo,457
287.46,1030.9444093770076,629.9719782068532,Marítimo,458
122.52,362.7289709766899,494.00885347452686,Aéreo,459
147.53,1005.383931837353,407.761012647781,Aéreo,460
147.01,621.1033881985298,993.9099050107012,Aéreo,461
359.68,994.2878167101635,881.5116145274377,Marítimo,462
398.42,204.55989394658656,627.1718985778457,Rodoviário,463
333.35,1003.8756916744022,573.68358757046,Marítimo,464
484.87,1499.1499023674664,624.4538750263382,Rodoviário,465
249.95,119.90745634780625,209.29898674420892,Rodoviário,466
214.28,1466.9025671209101,401.1863658316754,Rodoviário,467
447.44,640.0165430481624,49.06493756199033,Aéreo,468
189.44,1312.5925029890257,480.7905771119584,Aéreo,469
485.29,1184.4589518844966,547.5943381180865,Rodoviário,470
104.86,872.1735784306683,235.4722387421775,Rodoviário,471
487.95,1120.7513534144234,964.3885586938586,Aéreo,472
117.26,1323.8475638869545,910.3600648278696,Marítimo,473
456.46,636.0034663939978,724.9218031013468,Rodoviário,474
311.08,524.1980842666961,538.0527624777089,Marítimo,475
497.19,1018.0104090671979,871.2694680512082,Aéreo,476
129.52,1221.3766158148248,139.34582038522828,Rodoviário,477
321.54,1155.3134454260928,792.6046963321361,Marítimo,478
487.72,1206.82979084502,133.5726058271798,Marítimo,479
309.24,681.5958064787528,796.2685559239113,Marítimo,480
351.76,1235.8596134537813,283.0098925688434,Aéreo,481
378.3,224.30313028738223,878.3196752080071,Aéreo,482
281.82,839.5091920432318,944.6016728871439,Marítimo,483
351.02,58.350057722276276,157.30800971106447,Marítimo,484
333.73,520.6494533553919,468.0488490147396,Aéreo,485
460.46,581.3692255635269,981.1775043810583,Marítimo,486
118.18,624.4504028334203,488.57336161341516,Marítimo,487
212.39,1058.4274497003003,864.9120472893997,Aéreo,488
480.16,613.4092468420013,592.8442069100066,Marítimo,489
456.11,700.6057528026695,381.5766088404058,Marítimo,490
282.26,394.43898976777484,292.9257199706115,Marítimo,491
348.05,591.2150978625431,211.1908601752264,Aéreo,492
210.95,379.5409595315696,764.1802094639203,Marítimo,493
175.25,156.1340894642433,392.6751017547976,Aéreo,494
285.48,925.000460402998,516.1627075787437,Aéreo,495
241.34,1018.9085579047736,497.4022252011701,Rodoviário,496
333.46,948.261001713941,581.5062389407999,Rodoviário,497
131.09,722.0663635108299,866.9213741683067,Marítimo,498
489.76,600.6893812598832,980.9319501475951,Aéreo,499
494.48,1301.8337918791467,413.50836648807876,Rodoviário,500
379.26,802.6685884475162,829.2437328852401,Marítimo,501
314.44,744.8137225631099,766.8825167081704,Rodoviário,502
223.81,87.18099541933174,577.7936619410175,Rodoviário,503
425.52,544.8093500579267,956.4866721758137,Aéreo,504
373.89,601.2836472394928,208.46977037311876,Aéreo,505
165.05,628.2930323005057,118.1715682065252,Rodoviário,506
464.37,891.2499353796318,855.4223472858679,Rodoviário,507
429.01,823.7236927539738,444.75831846741085,Aéreo,508
479.92,931.4623845504947,848.4991656649898,Marítimo,509
390.29,1159.080729236086,894.1593031434608,Aéreo,510
345.37,1228.8293211383354,71.83301768288072,Rodoviário,511
267.3,1091.2784605284169,884.6301153562001,Marítimo,512
473.09,1435.5093591346554,453.835864815728,Rodoviário,513
446.43,76.43724488072436,515.3281641141899,Marítimo,514
118.09,333.87807924114185,630.3265859822782,Rodoviário,515
110.55,60.96616871830607,927.1187806627859,Marítimo,516
250.59,988.8383355241743,28.92493348546639,Marítimo,517
424.22,1352.144295977481,482.07503363463894,Rodoviário,518
494.91,403.04933003563394,690.8448220062551,Marítimo,519
160.17,1394.2000899546447,725.4798881212462,Aéreo,520
337.65,137.38771591986324,695.6071072217369,Rodoviário,521
252.36,1404.9322388679957,143.09077811404063,Aéreo,522
487.97,559.8528964974698,306.40163248796443,Rodoviário,523
436.85,197.06020125136394,365.12837016284334,Marítimo,524
435.33,754.5140508201722,806.39283560271,Marítimo,525
287.48,422.32602319473654,285.9722736904075,Marítimo,526
265.93,463.0657078447881,218.59791422853112,Rodoviário,527
209.36,495.5704491431155,957.8735388477152,Aéreo,528
122.55,1214.387551857362,18.77465226233421,Aéreo,529
445.89,831.783851179119,997.8426471251585,Rodoviário,530
425.16,501.3961637762053,680.0530858688217,Rodoviário,531
499.89,934.9839858008316,830.1846064546259,Aéreo,532
498.65,1088.4184776236307,301.67320238273123,Aéreo,533
322.17,445.304801063624,24.172124890389377,Aéreo,534
407.59,649.6461972117597,740.4908233759147,Aéreo,535
477.91,226.73483533857396,835.803151030669,Rodoviário,536
439.86,312.6665568252865,743.071370633984,Rodoviário,537
198.94,1037.6208882492251,151.4217844278302,Marítimo,538
280.22,313.08560415865907,755.8936430343994,Aéreo,539
151.66,811.4869063172373,771.2335542865645,Marítimo,540
481.62,1078.1170794975274,661.9551105133544,Rodoviário,541
342.47,204.97153848737855,768.4547734676304,Rodoviário,542
191.46,872.6027184619102,847.4622252809548,Marítimo,543
368.68,422.01603636697746,617.4680730950838,Aéreo,544
347.25,1446.2439690944907,97.71866682998227,Aéreo,545
243.27,751.1411877438909,492.75153157053876,Aéreo,546
145.42,1218.6891971739792,86.87284132488901,Aéreo,547
368.63,847.8284861265796,413.4676007221065,Marítimo,548
308.12,112.94817263948778,413.03542423437136,Marítimo,549
408.93,968.0694946113324,75.34974569883916,Rodoviário,550
308.07,1429.5348461996527,355.3323286297845,Aéreo,551
440.87,922.3371392121802,119.88811780340168,Aéreo,552
320.76,1237.8238461688459,810.1528579091299,Aéreo,553
324.38,1332.0993718551913,948.2111457048261,Marítimo,554
450.66,380.7156693259521,81.59331050535923,Aéreo,555
261.39,357.46501786692863,955.5640552187843,Marítimo,556
153.61,935.922433833938,527.3508333433778,Aéreo,557
111.51,645.9912812197218,306.5700211743352,Aéreo,558
402.05,1267.7988891567445,86.09345452340187,Rodoviário,559
348.12,1355.033528927116,505.61802538971364,Aéreo,560
381.63,562.4609999889412,796.5703890458412,Aéreo,561
185.19,393.462310512999,710.0156124940312,Rodoviário,562
154.55,1181.7619971035997,59.72375134933402,Marítimo,563
105.82,448.4687515447973,82.17281701422448,Marítimo,564
240.24,1242.7907618448337,408.84454980631074,Aéreo,565
335.97,664.4204677907061,302.3375891074638,Marítimo,566
256.9,1017.9473539726322,240.06047982548736,Aéreo,567
274.99,188.52620506026886,288.1944539196265,Rodoviário,568
461.66,954.5960207810309,805.4479158639158,Rodoviário,569
239.3,705.0631341689822,929.9357730955354,Aéreo,570
305.6,900.5822716044374,411.05166758229075,Rodoviário,571
413.46,293.620601230052,907.0498921111721,Rodoviário,572
258.62,1118.466930169064,328.2807442354031,Aéreo,573
348.83,1301.0557624376813,481.6726164803537,Aéreo,574
444.95,364.2727101316247,233.7687078378397,Rodoviário,575
479.81,188.7861055042345,644.0712817540856,Marítimo,576
158.83,84.27594976718777,979.1913040230609,Marítimo,577
470.64,980.8586756427358,607.4581650829449,Aéreo,578
296.85,930.2863523287322,364.2359432724134,Aéreo,579
203.3,842.7112484354016,651.3392715306231,Marítimo,580
283.65,386.32328936816435,131.69147168073368,Rodoviário,581
492.01,616.8136940629963,889.7724894627446,Marítimo,582
297.05,911.9906860199509,508.053111272038,Marítimo,583
231.5,770.3119453457956,454.8562446192456,Marítimo,584
353.36,1482.2890043115865,590.006140568984,Marítimo,585
196.06,247.83764120726303,628.5360241615084,Aéreo,586
130.35,1057.959603369011,81.0580481642479,Aéreo,587
151.55,636.2622137512236,685.7910490111684,Rodoviário,588
151.22,670.8894416421414,249.5123635123743,Rodoviário,589
160.76,1090.5167602043555,716.813106181524,Rodoviário,590
155.53,1054.0324194203358,824.3094464403548,Rodoviário,591
356.35,1487.321190868173,805.9189224769951,Marítimo,592
172.75,236.1717197084816,556.9759577338102,Aéreo,593
238.27,200.95899160704118,524.9681933876436,Aéreo,594
458.72,1100.2912848366748,151.4472017260176,Rodoviário,595
289.58,888.6610296592931,777.5926888991042,Rodoviário,596
367.02,447.5329665117185,278.6952866422472,Marítimo,597
168.93,165.1580850340306,501.7284685897671,Marítimo,598
176.92,174.20446191482426,291.43135199824155,Rodoviário,599
116.35,1346.5767682629714,142.49007936969622,Aéreo,600
167.57,328.2076208421772,633.2621199228192,Aéreo,601
211.44,518.8887650675051,63.78871447467479,Aéreo,602
170.8,378.6517832291326,751.158781784938,Rodoviário,603
135.48,564.7446434563091,324.4109273085055,Aéreo,604
148.25,150.66457198183537,10.133346074440468,Marítimo,605
284.31,802.6366968169921,516.0178478448574,Marítimo,606
182.53,148.03821720871161,56.38338944232709,Rodoviário,607
245.71,1210.5169363424243,283.4078622426905,Marítimo,608
301.37,388.8825187701279,709.906722581159,Rodoviário,609
376.16,833.0172761765403,72.0627254056472,Aéreo,610
115.72,1326.1146769641146,840.9451074324423,Aéreo,611
419.76,993.7721851184316,13.781723431997277,Aéreo,612
351.16,822.7887904994362,254.3556305098832,Marítimo,613
132.7,520.2839420172946,743.4950155905507,Rodoviário,614
449.43,532.852773934387,323.1074482320137,Aéreo,615
468.35,1020.7560850373757,110.8734641853534,Rodoviário,616
124.43,1491.502073770693,366.6315796124236,Aéreo,617
210.75,1009.666825281599,277.6893535206803,Marítimo,618
422.48,858.7859551865361,844.2847831389494,Marítimo,619
399.3,1109.4432398469069,320.2144384092917,Rodoviário,620
173.81,724.5481378113914,791.0431470582472,Marítimo,621
183.74,137.20639677113854,892.9534233626274,Marítimo,622
248.19,865.3303830229693,439.4792453807642,Rodoviário,623
293.81,1438.5566625328013,910.8437124158481,Aéreo,624
347.3,304.1892664186065,383.54487342356094,Marítimo,625
247.57,1050.5070916899654,964.4376323252071,Rodoviário,626
285.01,341.3538485556319,98.3966292803172,Marítimo,627
398.99,826.9501424859678,690.1490738382104,Marítimo,628
114.67,190.18085198774344,498.8759000523594,Marítimo,629
200.97,703.0378575743684,393.7723174010906,Marítimo,630
385.34,1146.4368268981068,636.3847599611149,Rodoviário,631
458.08,553.978710146524,706.8185207179879,Rodoviário,632
304.67,1014.1220005064662,14.319636953805997,Rodoviário,633
312.85,1203.4024431451073,175.28355785972673,Marítimo,634
142.87,1394.4078382452064,715.9155901279755,Marítimo,635
278.96,390.23101869040767,669.7215594424245,Marítimo,636
313.05,629.0080779234968,966.3870300773905,Rodoviário,637
196.99,271.00321932910526,763.4274123482752,Marítimo,638
207.7,1489.101078129644,951.2649806540246,Aéreo,639
250.91,1394.1514034902282,705.5150965194589,Marítimo,640
108.03,832.9378389068114,305.0716865530487,Aéreo,641
228.83,1270.9482768458108,114.31127302834791,Marítimo,642
184.58,805.3890670444612,784.0056247114862,Rodoviário,643
231.0,954.1992476040016,647.7077292611567,Marítimo,644
147.9,179.2304265682241,57.70415226936327,Aéreo,645
456.21,1145.1421097203715,366.44996124196854,Aéreo,646
337.44,235.1845512710905,957.2318173294433,Marítimo,647
371.64,1247.798063866166,505.39713425309924,Aéreo,648
415.67,1183.9407271220596,438.4018446595076,Aéreo,649
299.38,1077.6798117273158,463.122609107701,Rodoviário,650
134.77,102.43255176090506,216.7938967651121,Marítimo,651
314.84,489.5361161207265,375.02009915614724,Marítimo,652
334.74,431.5132263707222,376.11512342730487,Marítimo,653
398.18,572.1977908337027,61.83146998559768,Aéreo,654
272.66,177.08198280756588,769.8919522327391,Marítimo,655
151.03,1408.588843395041,422.3393875848402,Marítimo,656
213.51,853.0132490329456,823.958087948259,Rodoviário,657
245.23,493.01025045413417,851.8445211086964,Rodoviário,658
358.37,625.623199757711,219.87411415167148,Rodoviário,659
328.31,698.4436837320117,660.7799473484273,Aéreo,660
242.44,920.861783372895,477.5589861213519,Marítimo,661
494.61,797.7351701599217,881.3551705422702,Rodoviário,662
342.31,1383.1183611609051,223.58327238468956,Rodoviário,663
194.89,770.5970502134538,681.0350683069438,Rodoviário,664
140.71,1488.6291214938033,611.6746010301954,Marítimo,665
161.14,1284.5661887303888,302.34846279611446,Marítimo,666
198.38,352.3402458181369,145.23489461466087,Marítimo,667
164.27,1399.3630612336785,655.1233628725038,Aéreo,668
174.63,218.73127693394034,741.2114835510074,Aéreo,669
214.04,1235.3020773122278,322.4710703257165,Rodoviário,670
169.35,601.9037755410411,648.3842779820907,Marítimo,671
458.71,1323.0627646453509,401.1795985353882,Rodoviário,672
132.09,1308.682200655803,716.0748144497916,Marítimo,673
309.8,1218.5918301705506,207.22312214511257,Marítimo,674
264.16,1195.544132645239,891.3128526098126,Marítimo,675
492.95,491.78475169215915,294.53550050092394,Aéreo,676
144.82,167.33296042431567,374.10812787859135,Aéreo,677
259.14,634.3212592094841,67.5110325595463,Marítimo,678
487.79,301.6105467304376,120.39709019806364,Rodoviário,679
446.2,1057.6790789085694,520.7032836852048,Marítimo,680
426.83,551.844603479789,274.9167499606918,Marítimo,681
203.16,1464.6347912468766,837.1254234847725,Rodoviário,682
168.36,979.4095121507314,24.546454768404303,Marítimo,683
367.46,1242.5968172698233,385.30310818521684,Rodoviário,684
471.75,242.16077547568023,343.97209130140175,Aéreo,685
322.71,1299.9209992953026,29.134354608425024,Aéreo,686
328.65,1387.9979262444217,133.1247150105051,Rodoviário,687
211.99,756.239782287457,419.5062481694489,Aéreo,688
407.8,929.0667597389173,497.93593860297216,Aéreo,689
174.82,1158.9742113093434,410.2468497823204,Rodoviário,690
229.47,303.51600952759816,535.6283016279729,Aéreo,691
270.17,778.7208108719915,599.1803581566247,Marítimo,692
303.04,628.061390269854,19.824582916557276,Marítimo,693
196.96,262.2422886352612,469.45420785896886,Rodoviário,694
145.93,582.9249123227206,963.8642484787124,Aéreo,695
344.25,148.84984860896566,523.8419573282532,Marítimo,696
215.45,87.42726507675613,680.7668447843637,Marítimo,697
332.5,245.991119274493,318.7452193377144,Aéreo,698
161.75,1446.516911804302,776.2514643712349,Aéreo,699
292.46,846.8178270477746,775.1922670573539,Marítimo,700
313.04,1450.442133672169,526.0830871775976,Marítimo,701
120.73,677.1219235786914,976.2536850464214,Rodoviário,702
234.64,502.13339297362637,134.29471261502684,Rodoviário,703
153.77,783.9057011183539,26.778188240685182,Marítimo,704
125.35,687.2919485177197,772.456629639525,Rodoviário,705
495.98,203.21379217952867,809.0839819912337,Marítimo,706
228.94,979.198156300799,129.0051568293705,Marítimo,707
423.95,363.25536463891945,272.92700462902,Rodoviário,708
201.86,948.402534601853,27.37683973296262,Rodoviário,709
372.6,992.7915839773224,300.37552467275907,Aéreo,710
404.09,270.43603703653974,775.4104551794848,Aéreo,711
338.26,138.95695931046885,522.7809224354531,Aéreo,712
288.63,1182.1042997992377,354.61463723660523,Marítimo,713
264.74,716.7106144655143,378.021901957267,Rodoviário,714
239.55,134.3375034829399,11.340089458313473,Marítimo,715
471.81,1492.5561598961624,306.8025222895835,Rodoviário,716
432.25,133.78181344473163,649.9941542215512,Marítimo,717
486.01,1057.801081844902,974.4524993781936,Aéreo,718
149.72,1476.3344416319496,848.5902187140605,Aéreo,719
392.35,396.81115111309214,33.359014999073835,Aéreo,720
475.34,256.26158459643443,899.574998628091,Marítimo,721
172.49,226.0081621625219,785.3664291656397,Rodoviário,722
126.6,489.74896397301353,782.5723623352706,Rodoviário,723
396.45,196.5164259654377,463.41580141353575,Aéreo,724
329.79,1053.6339454564913,404.0252400249578,Aéreo,725
436.73,140.3231072885909,309.8865715448607,Aéreo,726
155.91,788.6620858171951,75.03791036482212,Aéreo,727
418.11,1495.2104380868163,235.9530098587621,Rodoviário,728
180.65,1230.2568907837272,254.13759862824438,Marítimo,729
165.46,942.0681854349658,489.2362990130996,Marítimo,730
165.71,494.0677501405869,749.969962530727,Marítimo,731
425.83,954.6489626228757,479.07173011396713,Marítimo,732
366.08,814.2101226718949,67.266004952689,Aéreo,733
309.23,667.8209066410386,958.2119029783219,Aéreo,734
243.53,239.53004627328923,943.2970759031712,Aéreo,735
450.88,1335.5761120986767,787.3376477169243,Marítimo,736
256.98,702.1877407909177,991.4146225485783,Aéreo,737
426.64,332.20264214010933,549.0375094722602,Aéreo,738
275.65,583.25105877207,963.140666750674,Rodoviário,739
250.78,650.4881411669442,84.84899021058327,Rodoviário,740
285.07,1249.9299485719678,372.0239407787576,Aéreo,741
220.55,1113.740851814033,233.12745532669817,Rodoviário,742
399.04,1165.4920957799427,203.87475329292732,Rodoviário,743
301.09,65.99533342153846,149.39491940374933,Aéreo,744
192.89,653.4232973606541,626.1895051503367,Aéreo,745
459.83,747.9490198712192,783.508637189832,Aéreo,746
253.56,77.8288013934322,582.515415426157,Aéreo,747
317.42,426.7291526802996,155.49308249232757,Marítimo,748
462.59,1152.4202435270959,813.0125322341362,Marítimo,749
349.7,248.80907330704864,639.5951600920912,Aéreo,750
146.76,826.199690606258,394.2840490657256,Rodoviário,751
475.93,362.04271442499436,677.3889925807023,Aéreo,752
351.08,67.57512323364524,267.3059294504045,Aéreo,753
233.96,399.74211351933513,351.7402864092684,Rodoviário,754
155.71,1465.016944619578,918.3109847006704,Marítimo,755
417.61,1212.2288122303348,297.5994606147062,Aéreo,756
348.03,1441.3861342654984,475.28838547635723,Aéreo,757
313.38,757.3883636932255,891.2397260220545,Marítimo,758
457.56,209.11748808238008,710.6441367648522,Marítimo,759
415.44,844.5412590118548,71.58119390305572,Rodoviário,760
160.67,708.8471351119433,155.83001383618063,Marítimo,761
224.69,1274.317769972443,17.76317486419765,Marítimo,762
199.4,192.21974213715464,634.6125723268717,Marítimo,763
397.58,757.9496486815783,453.19669115631416,Rodoviário,764
113.41,267.57056380627716,142.9321023932528,Marítimo,765
327.96,520.7800939905869,958.3547798462027,Marítimo,766
404.98,1119.1677622123095,534.3631267061637,Rodoviário,767
450.71,740.2262875847115,249.47436117176028,Marítimo,768
236.83,595.0380134613655,505.5975354431605,Marítimo,769
428.5,621.9906039265512,682.8241294077567,Rodoviário,770
144.25,716.1978141886806,85.47682579382884,Aéreo,771
438.58,1188.2739885637325,281.9567768974131,Rodoviário,772
151.0,1343.52279896334,808.8958359751537,Marítimo,773
258.91,1435.235295430696,465.0682216986346,Marítimo,774
418.92,1191.009910070178,551.111370611972,Marítimo,775
159.97,507.3399988346184,438.48784218737455,Rodoviário,776
191.7,1047.795323825486,53.46094321657507,Marítimo,777
388.9,684.5245298803183,174.09228202195436,Marítimo,778
388.01,419.2724019667742,451.086222354472,Rodoviário,779
356.46,1269.2637901675878,217.09361075384854,Aéreo,780
377.58,105.71820599537125,59.47923837308195,Aéreo,781
317.09,1357.5548885963642,845.2131674113054,Marítimo,782
200.72,719.1423237058646,981.3806038724747,Rodoviário,783
238.28,973.9421413720066,795.2114452567721,Marítimo,784
172.64,1006.0631871983849,855.2470724876204,Rodoviário,785
463.38,1347.9207240244777,249.55735901387493,Rodoviário,786
333.36,973.1710391424506,961.0207057580677,Aéreo,787
260.34,940.2036979020895,204.9564474088941,Aéreo,788
284.8,146.64545881300046,951.915512258214,Rodoviário,789
478.91,801.6916318205459,994.8711010262915,Marítimo,790
161.34,267.7450511847104,714.6055776885883,Aéreo,791
334.49,1119.278964646154,981.3322944739036,Marítimo,792
302.36,792.721785178378,573.8443817714326,Aéreo,793
344.58,1036.3302798521122,266.9463653443294,Aéreo,794
107.24,110.42570587345719,442.62592680896466,Marítimo,795
448.85,172.94842326641466,597.6253260249981,Aéreo,796
472.85,1088.6689126908893,82.35074640674485,Aéreo,797
326.05,154.52228719807638,626.1198319710736,Marítimo,798
378.66,153.32225525962497,981.3660583946715,Aéreo,799
469.0,67.5572890905868,198.20657328589036,Aéreo,800
382.9,1436.9270275342462,794.6691651254995,Aéreo,801
161.02,1119.38712121556,908.8198058418232,Marítimo,802
330.52,562.2145423279931,944.2645768920186,Rodoviário,803
342.69,479.97659286710007,960.5342483613928,Marítimo,804
269.65,557.0696831314818,526.2450423342573,Rodoviário,805
394.58,1173.2476202127136,977.5348289115886,Aéreo,806
473.75,1008.9873860521009,759.7371050630944,Rodoviário,807
470.23,318.5335734078285,170.05472187459227,Marítimo,808
280.34,302.4585362344223,482.1311054032903,Marítimo,809
145.3,192.6736920844261,721.147863618284,Aéreo,810
493.94,1007.4389435669403,254.8669126608925,Rodoviário,811
435.56,1158.3403602215171,644.2090317133985,Aéreo,812
149.87,434.31732107125583,669.9344742561531,Aéreo,813
468.34,80.37019349482358,171.07274637048022,Marítimo,814
447.96,169.14891784081965,569.4344593282287,Rodoviário,815
307.54,1453.3970505252942,773.9106418688216,Rodoviário,816
336.51,478.3949273422594,503.9067078905825,Rodoviário,817
259.6,1165.3735643652938,21.982085608346353,Rodoviário,818
121.9,955.7621748386824,18.948084388499254,Aéreo,819
234.08,603.8124774966991,363.4590505303121,Aéreo,820
421.14,348.2465301835549,926.9321277474642,Marítimo,821
101.85,226.01030633113933,236.39001180757268,Aéreo,822
233.4,941.7688036563566,638.0200519829702,Aéreo,823
259.27,1173.2189819247926,229.85511198638736,Marítimo,824
314.96,983.6611676346395,328.45328976295315,Marítimo,825
467.94,818.9380932112796,849.5616687054692,Marítimo,826
238.54,110.82927397587258,731.5728278472474,Aéreo,827
238.78,1454.3087275118564,104.44528454007852,Aéreo,828
395.0,1208.135577899133,434.4150007765693,Marítimo,829
280.89,474.59195321639885,38.87806600881183,Marítimo,830
189.84,1470.9569775703335,486.0812451369789,Marítimo,831
280.98,922.728304972667,665.8096715840574,Aéreo,832
156.34,894.5128544005074,127.31759736217005,Aéreo,833
170.55,1134.7061101728216,295.996089520074,Rodoviário,834
299.35,1227.0661927306994,403.8582592471354,Aéreo,835
267.57,1001.8939806306788,920.3357144094892,Aéreo,836
465.94,235.73883223099003,993.3224652687344,Aéreo,837
244.96,540.4878836920227,54.462186005659696,Marítimo,838
332.24,1395.7212784727722,763.3978442604381,Aéreo,839
352.91,375.6926371735853,378.0068257383198,Marítimo,840
105.24,589.6421845643944,398.5336043671852,Rodoviário,841
365.41,676.5114802690842,756.7223236135525,Rodoviário,842
171.21,687.1372350569557,919.2421678239546,Marítimo,843
484.43,938.762394617062,951.4193085575229,Marítimo,844
159.47,1417.459964729826,581.3513601779375,Marítimo,845
265.85,399.0044321571322,363.5499477074978,Aéreo,846
134.14,226.17699563633118,789.6735950001914,Rodoviário,847
498.75,336.3322102969091,258.49136942967726,Marítimo,848
300.88,1336.0411053034409,568.4332885451826,Aéreo,849
338.15,986.4256783500488,364.99267690962444,Rodoviário,850
126.83,464.5648443967822,660.0647629707973,Aéreo,851
399.98,1233.1230615044951,247.99492376457184,Rodoviário,852
183.96,1298.9864947269823,199.67701627747752,Aéreo,853
459.22,1277.445791100903,919.0566958086827,Rodoviário,854
182.06,1382.443473777354,110.78564612004153,Rodoviário,855
176.28,415.7494792513743,510.89832865758234,Aéreo,856
114.62,1144.8107966821035,228.64425513337883,Marítimo,857
288.83,717.7822710475031,48.540663692410774,Rodoviário,858
325.94,1270.8979016905892,45.65863010851213,Marítimo,859
126.28,1106.3114818843392,183.46955438476908,Aéreo,860
410.21,1175.8487974246007,868.1026509609403,Marítimo,861
281.32,1001.4346646375536,289.6539565372564,Marítimo,862
309.76,307.27171573107495,950.9545788695427,Marítimo,863
276.31,840.2890324005606,585.8060700593016,Marítimo,864
260.31,1477.7711223105368,442.2480478710784,Marítimo,865
323.86,1409.2126964208223,584.28794632276,Rodoviário,866
162.1,112.60191690566691,521.5314013740051,Rodoviário,867
172.77,288.98148280768385,761.1884912197519,Rodoviário,868
444.71,241.00672150911475,289.67110531312375,Aéreo,869
478.45,1102.6708694786785,359.51988768429936,Marítimo,870
249.32,1235.7887282925703,895.1533595079183,Rodoviário,871
208.3,359.5914811504743,946.9919480189014,Aéreo,872
357.6,783.486404780152,893.6326452116098,Rodoviário,873
263.49,1269.0193906162401,425.25351401774043,Rodoviário,874
110.15,1112.5622399110634,782.5618479768128,Marítimo,875
162.46,836.2439479631801,481.5723759680878,Aéreo,876
386.39,906.0041511652207,502.56445362464115,Marítimo,877
363.57,787.122793028606,212.6333079667111,Marítimo,878
110.84,481.44525441228984,595.2190002259313,Rodoviário,879
188.79,869.2818896455733,194.27453877581445,Marítimo,880
192.43,1048.8836879726314,338.2490520765218,Aéreo,881
368.76,1316.318227998171,856.4798996037358,Marítimo,882
107.88,972.6224632699098,215.00505111874668,Marítimo,883
141.64,1153.6262287125792,80.44670232169848,Marítimo,884
419.97,282.1038706841308,78.31751668668814,Rodoviário,885
171.42,719.2583379086954,941.3766752980769,Aéreo,886
361.1,63.53084874928528,511.85123358221625,Rodoviário,887
195.27,407.68435355635336,415.31795109884814,Rodoviário,888
139.78,1103.369486913857,812.7697951978392,Rodoviário,889
197.27,1488.124429456577,837.4676686314109,Rodoviário,890
388.91,193.80824440146307,338.86912278444856,Rodoviário,891
442.28,632.166757998868,696.6818768990573,Aéreo,892
432.09,1210.1029046137812,773.4115876933677,Marítimo,893
258.87,345.8516702119033,658.104179997295,Rodoviário,894
367.23,854.873176488315,160.07912405209836,Rodoviário,895
181.99,1112.9533792430284,877.1242526818864,Aéreo,896
217.26,943.1789028772596,543.7036072086486,Aéreo,897
458.53,322.6358651923534,289.64770210630365,Marítimo,898
105.2,565.3076245943222,430.975903583317,Aéreo,899
134.2,1186.498087503826,47.195379494918306,Marítimo,900
183.15,853.6284454914241,136.58813321019338,Rodoviário,901
110.61,57.58293963722347,767.8912830107023,Rodoviário,902
172.57,1153.436602040736,10.01151840781248,Marítimo,903
333.22,101.20146466334666,422.40017019746927,Aéreo,904
268.57,1131.3139849602867,527.2850792747325,Marítimo,905
457.07,343.59681223959427,64.08807580096257,Aéreo,906
426.98,1439.2065461731013,973.3473813426095,Rodoviário,907
236.73,583.5140893880225,233.8640779371752,Aéreo,908
203.77,524.0508436902147,311.1567324399181,Marítimo,909
251.88,265.8876729820448,310.9030871324771,Marítimo,910
336.12,493.12611246081156,238.1124954961764,Rodoviário,911
207.23,1321.143604650891,11.459083865448301,Aéreo,912
349.66,1494.6847895595085,732.0513461471164,Aéreo,913
263.76,584.0488192349301,967.1770448012925,Aéreo,914
320.82,700.4854148840867,232.05054845219462,Rodoviário,915
274.45,1097.0028603939686,666.4167198853881,Aéreo,916
217.79,1334.9838816743581,744.477363689128,Marítimo,917
479.38,909.914284570837,849.9411252996194,Aéreo,918
405.44,617.7122623578525,428.402905043473,Rodoviário,919
156.05,648.3016692305044,309.90159658402496,Aéreo,920
447.39,1058.6463124203701,332.0421826828008,Aéreo,921
294.97,54.66648222620409,715.4951197675277,Marítimo,922
457.82,948.404539316769,818.6116718405797,Aéreo,923
419.94,565.4648651399682,189.79782807903663,Marítimo,924
270.09,1201.5861303517722,377.23159807618754,Marítimo,925
108.99,184.83642774354163,902.9207947816585,Rodoviário,926
207.47,902.8932870751662,808.6265844977919,Marítimo,927
316.65,747.4106903348794,985.009818734851,Marítimo,928
353.39,981.3720125625797,756.7057770852599,Rodoviário,929
203.16,144.0377120003041,399.26324901764303,Marítimo,930
155.74,890.9764917707904,594.7314556546913,Rodoviário,931
433.97,864.1526525413094,664.4041117048471,Aéreo,932
493.76,862.9571369034478,87.6712581539527,Rodoviário,933
310.28,925.0571165648595,549.0519895128265,Marítimo,934
168.67,1030.8785089782252,712.2276201878835,Rodoviário,935
208.92,1217.234049537116,175.64809096104977,Marítimo,936
107.36,441.2400441859108,782.8254002513016,Aéreo,937
465.72,1246.32164476109,587.9350527089705,Rodoviário,938
147.1,772.4707392820078,952.6995678406187,Aéreo,939
330.61,161.73450474478017,51.99807522482278,Marítimo,940
209.62,134.89884740376982,272.6728761799123,Marítimo,941
321.67,534.6455621092882,605.5383405068259,Aéreo,942
360.57,1188.100616811628,303.5943130838714,Rodoviário,943
431.9,1076.1373553743279,717.2799224305298,Rodoviário,944
182.57,1193.4916987749893,761.4152296967117,Marítimo,945
104.4,800.0401318403336,111.49080442580971,Aéreo,946
154.75,688.2885470354613,518.7159195647,Aéreo,947
460.01,263.8061637241117,513.8016500351453,Rodoviário,948
449.56,525.8794927335018,375.58796251338566,Rodoviário,949
338.97,679.3280809521191,933.5956139439754,Rodoviário,950
340.21,178.470623035445,829.231256674489,Aéreo,951
366.01,369.8873314312563,700.2372880905405,Rodoviário,952
170.15,917.4266763924213,717.1833693776475,Rodoviário,953
465.76,1116.7115156468253,467.0989823749879,Marítimo,954
267.51,1497.6038915197769,921.7845758856101,Rodoviário,955
253.26,1403.0143304481587,697.6494729807525,Rodoviário,956
307.57,981.7195393260278,731.6912510392583,Aéreo,957
118.79,660.8096772764044,863.0739947494718,Aéreo,958
166.51,972.4571788269375,281.33087344876907,Marítimo,959
395.21,1189.1948462163364,809.000194828036,Rodoviário,960
133.12,221.5874768389116,203.28819692692713,Marítimo,961
341.26,644.3620900596179,351.888532722439,Aéreo,962
198.14,1267.713314171645,342.2543497271443,Marítimo,963
255.72,606.5577803029138,978.7402137052492,Aéreo,964
215.48,879.2147932794205,857.9718515104476,Marítimo,965
242.27,902.2655732501875,704.1581629743571,Marítimo,966
387.62,317.49056704377705,729.7861939992363,Rodoviário,967
218.85,575.2413903958181,566.4520664585453,Marítimo,968
326.56,535.0413686758016,947.6197604374339,Rodoviário,969
290.42,87.98522737149395,501.2961653535379,Rodoviário,970
365.47,85.0780576424651,386.7125327711956,Rodoviário,971
474.73,1255.9607133298716,171.40498356227508,Rodoviário,972
393.03,445.952674460578,788.3435957384474,Marítimo,973
185.98,801.2142110462823,737.0994927548355,Aéreo,974
112.47,483.1520817037209,390.5114881388935,Aéreo,975
204.91,1413.9849054172437,34.94147981963707,Aéreo,976
338.03,425.9803003553719,840.6073544408306,Marítimo,977
120.57,673.0023784714558,21.303803619532896,Rodoviário,978
298.55,1315.4588632026728,706.6627818327604,Aéreo,979
338.74,1270.8036718481226,970.5545386287965,Marítimo,980
233.7,319.8470558771021,443.28471486672146,Rodoviário,981
408.36,1213.83279920378,242.62367094599324,Aéreo,982
142.64,714.3709857699444,707.8222999429479,Rodoviário,983
130.06,750.3048645237651,818.9568605954292,Aéreo,984
391.28,243.5459600031185,550.9660129170688,Aéreo,985
298.2,166.87219494783074,967.3649225035847,Aéreo,986
375.36,1105.5119951119595,61.152034441381495,Rodoviário,987
273.93,769.8686709151847,509.74764232148283,Marítimo,988
198.56,683.4335187920103,721.2694078493246,Rodoviário,989
427.64,1107.7869315459752,864.0140664376872,Aéreo,990
419.77,1159.9937035371092,187.46305578871215,Rodoviário,991
377.88,280.4168431205627,802.0034469460446,Marítimo,992
208.86,934.8264667425799,557.1800049613598,Rodoviário,993
336.09,246.26341930264402,402.58814517006357,Marítimo,994
244.39,1139.4938747421163,140.39787829330263,Marítimo,995
136.63,1002.5849765873523,866.6428013198233,Rodoviário,996
466.93,1437.091200571014,165.7004760979182,Aéreo,997
154.73,149.9891237168107,316.68998061700825,Marítimo,998
480.09,132.72934566931877,297.1450766428125,Rodoviário,999
278.4,459.1712583051402,872.6998938489457,Marítimo,1000
